state,county,name
AL,Conecuh,trump
AL,Bullock,clinton
AL,Greene,clinton
AL,Choctaw,trump
AL,Wilcox,clinton
AL,Pickens,trump
AL,Barbour,trump
AL,Henry,trump
AL,Cleburne,trump
AL,Monroe,trump
AL,Coosa,trump
AL,Limestone,trump
AL,Tuscaloosa,trump
AL,Geneva,trump
AL,Talladega,trump
AL,DeKalb,trump
AL,Clay,trump
AL,Calhoun,trump
AL,Clarke,trump
AL,Elmore,trump
AL,Marshall,trump
AL,Houston,trump
AL,Crenshaw,trump
AL,Autauga,trump
AL,Lee,trump
AL,Cullman,trump
AL,Etowah,trump
AL,Dale,trump
AL,Hale,clinton
AL,Morgan,trump
AL,Lauderdale,trump
AL,Mobile,trump
AL,Bibb,trump
AL,Jefferson,clinton
AL,Fayette,trump
AL,Russell,clinton
AL,Walker,trump
AL,Pike,trump
AL,Madison,trump
AL,Marengo,clinton
AL,Shelby,trump
AL,Montgomery,clinton
AL,Macon,clinton
AL,Coffee,trump
AL,Butler,trump
AL,Colbert,trump
AL,Jackson,trump
AL,Chilton,trump
AL,Tallapoosa,trump
AL,Covington,trump
AL,Lowndes,clinton
AL,Dallas,clinton
AL,Lamar,trump
AL,Sumter,clinton
AL,Marion,trump
AL,Blount,trump
AL,Winston,trump
AL,Lawrence,trump
AL,Baldwin,trump
AL,Escambia,trump
AL,Perry,clinton
AL,Franklin,trump
AL,Cherokee,trump
AL,Washington,trump
AL,Chambers,trump
AL,Randolph,trump
AL,St.Clair,trump
AK,NA,trump
AZ,Greenlee,trump
AZ,LaPaz,trump
AZ,Navajo,trump
AZ,Yavapai,trump
AZ,Coconino,clinton
AZ,Gila,trump
AZ,Pima,clinton
AZ,Pinal,trump
AZ,Mohave,trump
AZ,Graham,trump
AZ,Apache,clinton
AZ,Santa Cruz,clinton
AZ,Cochise,trump
AZ,Yuma,trump
AZ,Maricopa,trump
AR,Monroe,trump
AR,Calhoun,trump
AR,Lee,clinton
AR,Bradley,trump
AR,Desha,clinton
AR,Lincoln,trump
AR,Cleveland,trump
AR,Prairie,trump
AR,Montgomery,trump
AR,Lafayette,trump
AR,Newton,trump
AR,Searcy,trump
AR,Perry,trump
AR,Pike,trump
AR,Howard,trump
AR,Jackson,trump
AR,Fulton,trump
AR,Little River,trump
AR,Clay,trump
AR,Arkansas,trump
AR,St.Francis,clinton
AR,Izard,trump
AR,Stone,trump
AR,Hempstead,trump
AR,Randolph,trump
AR,Cross,trump
AR,Madison,trump
AR,Franklin,trump
AR,Marion,trump
AR,Ashley,trump
AR,Columbia,trump
AR,Chicot,clinton
AR,Logan,trump
AR,Craighead,trump
AR,Johnson,trump
AR,Union,trump
AR,Saline,trump
AR,Nevada,trump
AR,Yell,trump
AR,White,trump
AR,Grant,trump
AR,Mississippi,trump
AR,Crawford,trump
AR,Pulaski,clinton
AR,Scott,trump
AR,Drew,trump
AR,Ouachita,trump
AR,Washington,trump
AR,Lawrence,trump
AR,Benton,trump
AR,Garland,trump
AR,Sevier,trump
AR,Sebastian,trump
AR,Crittenden,clinton
AR,Clark,trump
AR,Conway,trump
AR,Faulkner,trump
AR,Jefferson,clinton
AR,Independence,trump
AR,Baxter,trump
AR,Lonoke,trump
AR,Woodruff,trump
AR,Pope,trump
AR,Sharp,trump
AR,Poinsett,trump
AR,Dallas,trump
AR,Greene,trump
AR,Miller,trump
AR,Phillips,clinton
AR,Boone,trump
AR,Cleburne,trump
AR,Van Buren,trump
AR,Hot Spring,trump
AR,Carroll,trump
AR,Polk,trump
CA,Alpine,clinton
CA,Modoc,trump
CA,Trinity,trump
CA,Inyo,trump
CA,Del Norte,trump
CA,Mariposa,trump
CA,Plumas,trump
CA,Sutter,trump
CA,Mendocino,clinton
CA,Lassen,trump
CA,Nevada,clinton
CA,Kings,trump
CA,Tehama,trump
CA,Imperial,clinton
CA,Yolo,clinton
CA,Merced,clinton
CA,Humboldt,clinton
CA,Santa Cruz,clinton
CA,Sacramento,clinton
CA,San Mateo,clinton
CA,Kern,trump
CA,Fresno,clinton
CA,Sonoma,clinton
CA,Ventura,clinton
CA,San Joaquin,clinton
CA,El Dorado,trump
CA,Santa Barbara,clinton
CA,Marin,clinton
CA,Glenn,trump
CA,San Francisco,clinton
CA,Riverside,clinton
CA,Madera,trump
CA,Contra Costa,clinton
CA,Monterey,clinton
CA,Alameda,clinton
CA,Mono,clinton
CA,Napa,clinton
CA,Los Angeles,clinton
CA,Tulare,trump
CA,Orange,clinton
CA,Solano,clinton
CA,Shasta,trump
CA,Santa Clara,clinton
CA,Placer,trump
CA,Butte,trump
CA,Tuolumne,trump
CA,Sierra,trump
CA,Calaveras,trump
CA,San Luis Obispo,clinton
CA,Lake,clinton
CA,Siskiyou,trump
CA,Yuba,trump
CA,Amador,trump
CA,San Diego,clinton
CA,Colusa,trump
CA,San Bernardino,clinton
CA,San Benito,clinton
CA,Stanislaus,clinton
CO,San Juan,clinton
CO,Hinsdale,trump
CO,Mineral,trump
CO,Kiowa,trump
CO,Cheyenne,trump
CO,Dolores,trump
CO,Sedgwick,trump
CO,Crowley,trump
CO,Bent,trump
CO,Lake,clinton
CO,Gilpin,clinton
CO,Baca,trump
CO,Phillips,trump
CO,Jackson,trump
CO,Clear Creek,clinton
CO,Rio Blanco,trump
CO,San Miguel,clinton
CO,Rio Grande,trump
CO,Alamosa,clinton
CO,Prowers,trump
CO,Las Animas,trump
CO,Archuleta,trump
CO,Grand,trump
CO,Lincoln,trump
CO,Otero,trump
CO,Conejos,trump
CO,Yuma,trump
CO,Moffat,trump
CO,Morgan,trump
CO,Kit Carson,trump
CO,Summit,clinton
CO,Adams,clinton
CO,El Paso,trump
CO,Teller,trump
CO,Mesa,trump
CO,Elbert,trump
CO,Boulder,clinton
CO,Delta,trump
CO,Arapahoe,clinton
CO,Washington,trump
CO,Larimer,clinton
CO,Broomfield,clinton
CO,Saguache,clinton
CO,Montezuma,trump
CO,Denver,clinton
CO,Huerfano,trump
CO,Weld,trump
CO,Routt,clinton
CO,Pueblo,trump
CO,Garfield,trump
CO,La Plata,clinton
CO,Fremont,trump
CO,Eagle,clinton
CO,Custer,trump
CO,Gunnison,clinton
CO,Douglas,trump
CO,Montrose,trump
CO,Logan,trump
CO,Park,trump
CO,Ouray,clinton
CO,Costilla,clinton
CO,Pitkin,clinton
CO,Jefferson,clinton
CO,Chaffee,trump
CT,Hartford,clinton
CT,Windham,trump
CT,Tolland,clinton
CT,Fairfield,clinton
CT,Litchfield,trump
CT,New London,clinton
CT,New Haven,clinton
CT,Middlesex,clinton
DE,Sussex,trump
DE,Kent,trump
DE,New Castle,clinton
DC,Districtof Columbia,clinton
FL,Liberty,trump
FL,Lafayette,trump
FL,Glades,trump
FL,Hamilton,trump
FL,Jefferson,trump
FL,Franklin,trump
FL,Union,trump
FL,Calhoun,trump
FL,Gulf,trump
FL,Dixie,trump
FL,Hendry,trump
FL,Monroe,trump
FL,Volusia,trump
FL,Columbia,trump
FL,Seminole,trump
FL,Flagler,trump
FL,Sumter,trump
FL,Madison,trump
FL,Pasco,trump
FL,Hernando,trump
FL,Hardee,trump
FL,Palm Beach,clinton
FL,Polk,trump
FL,Lee,trump
FL,Manatee,trump
FL,Martin,trump
FL,Orange,clinton
FL,Nassau,trump
FL,Miami-Dade,clinton
FL,Okeechobee,trump
FL,Duval,trump
FL,Highlands,trump
FL,Broward,clinton
FL,Citrus,trump
FL,St.Johns,trump
FL,Walton,trump
FL,Okaloosa,trump
FL,Alachua,clinton
FL,Hillsborough,clinton
FL,Escambia,trump
FL,Santa Rosa,trump
FL,St.Lucie,trump
FL,Bay,trump
FL,Leon,clinton
FL,Wakulla,trump
FL,Washington,trump
FL,Charlotte,trump
FL,Indian River,trump
FL,Sarasota,trump
FL,Collier,trump
FL,Gadsden,clinton
FL,Jackson,trump
FL,Levy,trump
FL,Suwannee,trump
FL,Marion,trump
FL,Clay,trump
FL,Putnam,trump
FL,Lake,trump
FL,Holmes,trump
FL,Osceola,clinton
FL,Pinellas,trump
FL,Baker,trump
FL,Bradford,trump
FL,Brevard,trump
FL,Taylor,trump
FL,De Soto,trump
FL,Gilchrist,trump
GA,Quitman,trump
GA,Clay,clinton
GA,Echols,trump
GA,Calhoun,clinton
GA,Warren,clinton
GA,Schley,trump
GA,Lanier,trump
GA,Talbot,clinton
GA,Twiggs,trump
GA,Evans,trump
GA,Johnson,trump
GA,Wilcox,trump
GA,Candler,trump
GA,Montgomery,trump
GA,Macon,clinton
GA,Irwin,trump
GA,Webster,trump
GA,Charlton,trump
GA,Wilkes,trump
GA,Screven,trump
GA,Mc Intosh,trump
GA,Brooks,trump
GA,Ben Hill,trump
GA,Wheeler,trump
GA,Washington,clinton
GA,Mitchell,trump
GA,Jasper,trump
GA,Crawford,trump
GA,Baker,trump
GA,Crisp,trump
GA,Bleckley,trump
GA,Dodge,trump
GA,Tattnall,trump
GA,Meriwether,trump
GA,Peach,trump
GA,Mc Duffie,trump
GA,Sumter,clinton
GA,Cook,trump
GA,Brantley,trump
GA,Early,trump
GA,Decatur,trump
GA,Worth,trump
GA,Gilmer,trump
GA,Towns,trump
GA,Camden,trump
GA,Glynn,trump
GA,Bulloch,trump
GA,Dougherty,clinton
GA,Putnam,trump
GA,Randolph,clinton
GA,Pulaski,trump
GA,Chatham,clinton
GA,Jones,trump
GA,Long,trump
GA,Cobb,clinton
GA,Clarke,clinton
GA,Bartow,trump
GA,Carroll,trump
GA,Turner,trump
GA,Douglas,clinton
GA,Jackson,trump
GA,Toombs,trump
GA,Hall,trump
GA,Catoosa,trump
GA,Burke,clinton
GA,Heard,trump
GA,Fayette,trump
GA,Houston,trump
GA,Taliaferro,clinton
GA,Banks,trump
GA,Rockdale,clinton
GA,Atkinson,trump
GA,Lowndes,trump
GA,Marion,trump
GA,Jeff Davis,trump
GA,Walton,trump
GA,Oglethorpe,trump
GA,Whitfield,trump
GA,Thomas,trump
GA,Berrien,trump
GA,Morgan,trump
GA,Clinch,trump
GA,Columbia,trump
GA,Liberty,clinton
GA,Emanuel,trump
GA,Wilkinson,trump
GA,Cherokee,trump
GA,Barrow,trump
GA,Newton,clinton
GA,De Kalb,clinton
GA,Jefferson,clinton
GA,Floyd,trump
GA,Dade,trump
GA,Muscogee,clinton
GA,Appling,trump
GA,Walker,trump
GA,Henry,clinton
GA,Jenkins,trump
GA,Bibb,clinton
GA,Habersham,trump
GA,Glascock,trump
GA,Murray,trump
GA,Gwinnett,clinton
GA,Terrell,clinton
GA,Richmond,clinton
GA,Franklin,trump
GA,Paulding,trump
GA,Dawson,trump
GA,Pierce,trump
GA,Coweta,trump
GA,Stewart,clinton
GA,Telfair,trump
GA,Clayton,clinton
GA,Spalding,trump
GA,Gordon,trump
GA,Dooly,trump
GA,Troup,trump
GA,Seminole,trump
GA,Oconee,trump
GA,Chattahoochee,trump
GA,Laurens,trump
GA,Lincoln,trump
GA,Wayne,trump
GA,Taylor,trump
GA,Elbert,trump
GA,Grady,trump
GA,Harris,trump
GA,Pickens,trump
GA,Union,trump
GA,Polk,trump
GA,Lee,trump
GA,Bryan,trump
GA,Effingham,trump
GA,White,trump
GA,Fannin,trump
GA,Lumpkin,trump
GA,Coffee,trump
GA,Haralson,trump
GA,Tift,trump
GA,Fulton,clinton
GA,Forsyth,trump
GA,Madison,trump
GA,Monroe,trump
GA,Greene,trump
GA,Bacon,trump
GA,Treutlen,trump
GA,Ware,trump
GA,Lamar,trump
GA,Hancock,clinton
GA,Colquitt,trump
GA,Baldwin,clinton
GA,Stephens,trump
GA,Miller,trump
GA,Upson,trump
GA,Hart,trump
GA,Pike,trump
GA,Butts,trump
GA,Chattooga,trump
GA,Rabun,trump
HI,Hawaii,clinton
HI,Maui,clinton
HI,Honolulu,clinton
HI,Kauai,clinton
ID,Clark,trump
ID,Camas,trump
ID,Lewis,trump
ID,Power,trump
ID,Custer,trump
ID,Teton,trump
ID,Bear Lake,trump
ID,Valley,trump
ID,Benewah,trump
ID,Caribou,trump
ID,Washington,trump
ID,Shoshone,trump
ID,Butte,trump
ID,Gooding,trump
ID,Boundary,trump
ID,Franklin,trump
ID,Adams,trump
ID,Minidoka,trump
ID,Owyhee,trump
ID,Elmore,trump
ID,Cassia,trump
ID,Gem,trump
ID,Lemhi,trump
ID,Idaho,trump
ID,Bonneville,trump
ID,Fremont,trump
ID,Clearwater,trump
ID,Kootenai,trump
ID,Canyon,trump
ID,Oneida,trump
ID,Payette,trump
ID,Boise,trump
ID,Ada,trump
ID,Madison,trump
ID,Twin Falls,trump
ID,Nez Perce,trump
ID,Bonner,trump
ID,Bannock,trump
ID,Jerome,trump
ID,Lincoln,trump
ID,Bingham,trump
ID,Jefferson,trump
ID,Latah,clinton
ID,Blaine,clinton
IL,Alexander,trump
IL,Pope,trump
IL,Stark,trump
IL,Brown,trump
IL,Schuyler,trump
IL,Cass,trump
IL,Marshall,trump
IL,Jasper,trump
IL,Hamilton,trump
IL,Mason,trump
IL,Greene,trump
IL,Cumberland,trump
IL,Menard,trump
IL,Carroll,trump
IL,Johnson,trump
IL,Bond,trump
IL,Clay,trump
IL,Gallatin,trump
IL,Clark,trump
IL,Piatt,trump
IL,White,trump
IL,Douglas,trump
IL,Pike,trump
IL,Union,trump
IL,Williamson,trump
IL,Adams,trump
IL,De Kalb,clinton
IL,Du Page,clinton
IL,Henderson,trump
IL,Shelby,trump
IL,La Salle,trump
IL,Putnam,trump
IL,Peoria,clinton
IL,Winnebago,clinton
IL,Mc Henry,trump
IL,St.Clair,clinton
IL,Wabash,trump
IL,Cook,clinton
IL,Will,clinton
IL,Lawrence,trump
IL,Jackson,clinton
IL,Jersey,trump
IL,Lee,trump
IL,Kane,clinton
IL,Sangamon,trump
IL,Randolph,trump
IL,Iroquois,trump
IL,Kendall,trump
IL,Rock Island,clinton
IL,Macon,trump
IL,Madison,trump
IL,Massac,trump
IL,Scott,trump
IL,Knox,trump
IL,Jo Daviess,trump
IL,Hancock,trump
IL,Lake,clinton
IL,Warren,trump
IL,Washington,trump
IL,Vermilion,trump
IL,Champaign,clinton
IL,De Witt,trump
IL,Marion,trump
IL,Effingham,trump
IL,Perry,trump
IL,Edwards,trump
IL,Calhoun,trump
IL,Kankakee,trump
IL,Crawford,trump
IL,Christian,trump
IL,Pulaski,trump
IL,Coles,trump
IL,Ogle,trump
IL,Macoupin,trump
IL,Monroe,trump
IL,Henry,trump
IL,Saline,trump
IL,Grundy,trump
IL,Franklin,trump
IL,Whiteside,trump
IL,Clinton,trump
IL,Hardin,trump
IL,Fayette,trump
IL,Bureau,trump
IL,Richland,trump
IL,Jefferson,trump
IL,Ford,trump
IL,Edgar,trump
IL,Stephenson,trump
IL,Tazewell,trump
IL,Morgan,trump
IL,Mc Lean,trump
IL,Woodford,trump
IL,Logan,trump
IL,Fulton,trump
IL,Boone,trump
IL,Mercer,trump
IL,Wayne,trump
IL,Mc Donough,trump
IL,Moultrie,trump
IL,Livingston,trump
IL,Montgomery,trump
IN,Ohio,trump
IN,Union,trump
IN,Switzerland,trump
IN,Warren,trump
IN,Martin,trump
IN,Newton,trump
IN,Vermillion,trump
IN,Perry,trump
IN,Pulaski,trump
IN,Parke,trump
IN,Brown,trump
IN,Rush,trump
IN,Fountain,trump
IN,Jay,trump
IN,Fulton,trump
IN,Scott,trump
IN,Sullivan,trump
IN,Owen,trump
IN,Carroll,trump
IN,Dearborn,trump
IN,Boone,trump
IN,Blackford,trump
IN,Bartholomew,trump
IN,Decatur,trump
IN,La Porte,trump
IN,Jackson,trump
IN,Morgan,trump
IN,Benton,trump
IN,Hancock,trump
IN,Tipton,trump
IN,Hamilton,trump
IN,Miami,trump
IN,Madison,trump
IN,Hendricks,trump
IN,Monroe,clinton
IN,Delaware,trump
IN,Wabash,trump
IN,Vanderburgh,trump
IN,Tippecanoe,trump
IN,Ripley,trump
IN,Lake,clinton
IN,Grant,trump
IN,Kosciusko,trump
IN,Adams,trump
IN,Dubois,trump
IN,Marion,clinton
IN,Vigo,trump
IN,Spencer,trump
IN,Noble,trump
IN,Washington,trump
IN,St.Joseph,clinton
IN,Montgomery,trump
IN,Pike,trump
IN,Floyd,trump
IN,Allen,trump
IN,Gibson,trump
IN,Jasper,trump
IN,Elkhart,trump
IN,Clark,trump
IN,Daviess,trump
IN,Wayne,trump
IN,Clay,trump
IN,Wells,trump
IN,Franklin,trump
IN,Crawford,trump
IN,Lawrence,trump
IN,Harrison,trump
IN,Starke,trump
IN,Henry,trump
IN,Steuben,trump
IN,Shelby,trump
IN,Marshall,trump
IN,De Kalb,trump
IN,Howard,trump
IN,Huntington,trump
IN,Porter,trump
IN,La Grange,trump
IN,Whitley,trump
IN,Knox,trump
IN,Putnam,trump
IN,Greene,trump
IN,Cass,trump
IN,Warrick,trump
IN,Clinton,trump
IN,Orange,trump
IN,Posey,trump
IN,White,trump
IN,Jefferson,trump
IN,Jennings,trump
IN,Randolph,trump
IN,Johnson,trump
IN,Fayette,trump
IA,Adams,trump
IA,Wayne,trump
IA,Decatur,trump
IA,Van Buren,trump
IA,Monroe,trump
IA,Ida,trump
IA,Pocahontas,trump
IA,Clarke,trump
IA,Davis,trump
IA,Lucas,trump
IA,Palo Alto,trump
IA,Monona,trump
IA,Franklin,trump
IA,Mitchell,trump
IA,Montgomery,trump
IA,Union,trump
IA,Guthrie,trump
IA,Louisa,trump
IA,Sac,trump
IA,Chickasaw,trump
IA,Wright,trump
IA,Hancock,trump
IA,Appanoose,trump
IA,Keokuk,trump
IA,Crawford,trump
IA,Cass,trump
IA,Worth,trump
IA,Page,trump
IA,Harrison,trump
IA,Buena Vista,trump
IA,Butler,trump
IA,Poweshiek,trump
IA,Lyon,trump
IA,Hardin,trump
IA,Cedar,trump
IA,Winneshiek,trump
IA,Buchanan,trump
IA,Fayette,trump
IA,Hamilton,trump
IA,Kossuth,trump
IA,Delaware,trump
IA,Jones,trump
IA,O'Brien,trump
IA,Henry,trump
IA,Jackson,trump
IA,Clay,trump
IA,Taylor,trump
IA,Washington,trump
IA,Emmet,trump
IA,Tama,trump
IA,Fremont,trump
IA,Adair,trump
IA,Floyd,trump
IA,Winnebago,trump
IA,Story,clinton
IA,Woodbury,trump
IA,Humboldt,trump
IA,Jasper,trump
IA,Iowa,trump
IA,Allamakee,trump
IA,Clayton,trump
IA,Dubuque,trump
IA,Jefferson,trump
IA,Cherokee,trump
IA,Pottawattamie,trump
IA,Osceola,trump
IA,Warren,trump
IA,Greene,trump
IA,Marshall,trump
IA,Black Hawk,clinton
IA,Dallas,trump
IA,Polk,clinton
IA,Grundy,trump
IA,Mills,trump
IA,Linn,clinton
IA,Scott,clinton
IA,Howard,trump
IA,Madison,trump
IA,Johnson,clinton
IA,Cerro Gordo,trump
IA,Wapello,trump
IA,Ringgold,trump
IA,Sioux,trump
IA,Clinton,trump
IA,Marion,trump
IA,Lee,trump
IA,Webster,trump
IA,Plymouth,trump
IA,Muscatine,trump
IA,Des Moines,trump
IA,Benton,trump
IA,Audubon,trump
IA,Boone,trump
IA,Mahaska,trump
IA,Calhoun,trump
IA,Shelby,trump
IA,Bremer,trump
IA,Dickinson,trump
IA,Carroll,trump
KS,Greeley,trump
KS,Hamilton,trump
KS,Lane,trump
KS,Wallace,trump
KS,Wichita,trump
KS,Morton,trump
KS,Graham,trump
KS,Haskell,trump
KS,Woodson,trump
KS,Logan,trump
KS,Sheridan,trump
KS,Decatur,trump
KS,Jewell,trump
KS,Chautauqua,trump
KS,Osborne,trump
KS,Morris,trump
KS,Chase,trump
KS,Norton,trump
KS,Barber,trump
KS,Ellsworth,trump
KS,Republic,trump
KS,Rooks,trump
KS,Sherman,trump
KS,Greenwood,trump
KS,Phillips,trump
KS,Wabaunsee,trump
KS,Gray,trump
KS,Kingman,trump
KS,Russell,trump
KS,Doniphan,trump
KS,Smith,trump
KS,Wilson,trump
KS,Pratt,trump
KS,Pawnee,trump
KS,Thomas,trump
KS,Cloud,trump
KS,Stevens,trump
KS,Coffey,trump
KS,Seward,trump
KS,Elk,trump
KS,Linn,trump
KS,Allen,trump
KS,Hodgeman,trump
KS,Jackson,trump
KS,Marion,trump
KS,Atchison,trump
KS,Nemaha,trump
KS,Ness,trump
KS,Bourbon,trump
KS,Neosho,trump
KS,Ford,trump
KS,Labette,trump
KS,Mitchell,trump
KS,Meade,trump
KS,Stanton,trump
KS,Kiowa,trump
KS,Butler,trump
KS,Lincoln,trump
KS,Reno,trump
KS,Clay,trump
KS,Wyandotte,clinton
KS,Clark,trump
KS,Shawnee,trump
KS,Washington,trump
KS,Ottawa,trump
KS,Geary,trump
KS,Sedgwick,trump
KS,Pottawatomie,trump
KS,Johnson,trump
KS,Douglas,clinton
KS,Gove,trump
KS,Jefferson,trump
KS,Stafford,trump
KS,Rice,trump
KS,Osage,trump
KS,Franklin,trump
KS,Sumner,trump
KS,Cherokee,trump
KS,Rush,trump
KS,Cowley,trump
KS,Harper,trump
KS,Montgomery,trump
KS,Saline,trump
KS,Scott,trump
KS,Leavenworth,trump
KS,Edwards,trump
KS,Kearny,trump
KS,Marshall,trump
KS,Lyon,trump
KS,Riley,trump
KS,Miami,trump
KS,Trego,trump
KS,Dickinson,trump
KS,Rawlins,trump
KS,Barton,trump
KS,Harvey,trump
KS,Crawford,trump
KS,Mc Pherson,trump
KS,Brown,trump
KS,Ellis,trump
KS,Grant,trump
KS,Anderson,trump
KS,Cheyenne,trump
KS,Comanche,trump
KS,Finney,trump
KY,Robertson,trump
KY,Wolfe,trump
KY,Elliott,trump
KY,Gallatin,trump
KY,Cumberland,trump
KY,Carroll,trump
KY,Bracken,trump
KY,Trimble,trump
KY,Hancock,trump
KY,Lyon,trump
KY,Metcalfe,trump
KY,Powell,trump
KY,Morgan,trump
KY,Owen,trump
KY,Clinton,trump
KY,Magoffin,trump
KY,Washington,trump
KY,Leslie,trump
KY,Estill,trump
KY,Knott,trump
KY,Green,trump
KY,Webster,trump
KY,Butler,trump
KY,Caldwell,trump
KY,Pendleton,trump
KY,Fulton,trump
KY,Union,trump
KY,Larue,trump
KY,Jackson,trump
KY,Trigg,trump
KY,Henry,trump
KY,Mason,trump
KY,Mc Creary,trump
KY,Simpson,trump
KY,Harrison,trump
KY,Casey,trump
KY,Bourbon,trump
KY,Rockcastle,trump
KY,Clay,trump
KY,Garrard,trump
KY,Rowan,trump
KY,Spencer,trump
KY,Pike,trump
KY,Mc Lean,trump
KY,Bell,trump
KY,Edmonson,trump
KY,Hardin,trump
KY,Daviess,trump
KY,Harlan,trump
KY,Ballard,trump
KY,Lewis,trump
KY,Warren,trump
KY,Shelby,trump
KY,Pulaski,trump
KY,Oldham,trump
KY,Lee,trump
KY,Owsley,trump
KY,Menifee,trump
KY,Carlisle,trump
KY,Graves,trump
KY,Todd,trump
KY,Breathitt,trump
KY,Marion,trump
KY,Monroe,trump
KY,Madison,trump
KY,Bath,trump
KY,Grant,trump
KY,Laurel,trump
KY,Carter,trump
KY,Fayette,clinton
KY,Fleming,trump
KY,Ohio,trump
KY,Calloway,trump
KY,Lawrence,trump
KY,Bullitt,trump
KY,Whitley,trump
KY,Hickman,trump
KY,Crittenden,trump
KY,Livingston,trump
KY,Grayson,trump
KY,Jefferson,clinton
KY,Campbell,trump
KY,Kenton,trump
KY,Clark,trump
KY,Jessamine,trump
KY,Hopkins,trump
KY,Scott,trump
KY,Nicholas,trump
KY,Henderson,trump
KY,Christian,trump
KY,Hart,trump
KY,Boyd,trump
KY,Barren,trump
KY,Woodford,trump
KY,Nelson,trump
KY,Mc Cracken,trump
KY,Marshall,trump
KY,Floyd,trump
KY,Anderson,trump
KY,Boone,trump
KY,Greenup,trump
KY,Adair,trump
KY,Taylor,trump
KY,Martin,trump
KY,Breckinridge,trump
KY,Knox,trump
KY,Meade,trump
KY,Perry,trump
KY,Johnson,trump
KY,Muhlenberg,trump
KY,Montgomery,trump
KY,Logan,trump
KY,Mercer,trump
KY,Franklin,trump
KY,Lincoln,trump
KY,Letcher,trump
KY,Russell,trump
KY,Boyle,trump
KY,Allen,trump
KY,Wayne,trump
LA,East Carroll Parish,clinton
LA,Red River Parish,trump
LA,Cameron Parish,trump
LA,St.Helena Parish,clinton
LA,West Feliciana Parish,trump
LA,Claiborne Parish,trump
LA,West Carroll Parish,trump
LA,East Feliciana Parish,trump
LA,La Salle Parish,trump
LA,Madison Parish,clinton
LA,St.Landry Parish,trump
LA,Lafourche Parish,trump
LA,Iberia Parish,trump
LA,Union Parish,trump
LA,Bossier Parish,trump
LA,Bienville Parish,trump
LA,Tangipahoa Parish,trump
LA,Terrebonne Parish,trump
LA,Vermilion Parish,trump
LA,Rapides Parish,trump
LA,Ascension Parish,trump
LA,Vernon Parish,trump
LA,Catahoula Parish,trump
LA,Webster Parish,trump
LA,East Baton Rouge Parish,clinton
LA,Acadia Parish,trump
LA,Assumption Parish,trump
LA,St.Tammany Parish,trump
LA,Beauregard Parish,trump
LA,Caddo Parish,clinton
LA,Tensas Parish,clinton
LA,Jefferson Parish,trump
LA,Jackson Parish,trump
LA,St.Mary Parish,trump
LA,Calcasieu Parish,trump
LA,Lafayette Parish,trump
LA,Livingston Parish,trump
LA,Concordia Parish,trump
LA,Sabine Parish,trump
LA,Ouachita Parish,trump
LA,Orleans Parish,clinton
LA,St.Martin Parish,trump
LA,St.Charles Parish,trump
LA,Evangeline Parish,trump
LA,St.Johnthe Baptist Parish,clinton
LA,St.Bernard Parish,trump
LA,Avoyelles Parish,trump
LA,Jefferson Davis Parish,trump
LA,St.James Parish,clinton
LA,Caldwell Parish,trump
LA,Winn Parish,trump
LA,Franklin Parish,trump
LA,De Soto Parish,trump
LA,Natchitoches Parish,trump
LA,Iberville Parish,clinton
LA,Lincoln Parish,trump
LA,Grant Parish,trump
LA,West Baton Rouge Parish,trump
LA,Plaquemines Parish,trump
LA,Allen Parish,trump
LA,Pointe Coupee Parish,trump
LA,Washington Parish,trump
LA,Morehouse Parish,trump
LA,Richland Parish,trump
ME,NA,clinton
ME,Piscataquis,trump
ME,Oxford,trump
ME,Aroostook,trump
ME,York,clinton
ME,Kennebec,trump
ME,Penobscot,trump
ME,Cumberland,clinton
ME,Waldo,clinton
ME,Hancock,clinton
ME,Somerset,trump
ME,Lincoln,clinton
ME,Knox,clinton
ME,Androscoggin,trump
ME,Washington,trump
ME,Sagadahoc,clinton
ME,Franklin,trump
MD,Kent,trump
MD,Somerset,trump
MD,Baltimore,clinton
MD,Calvert,trump
MD,St.Mary's,trump
MD,Worcester,trump
MD,Harford,trump
MD,Washington,trump
MD,Anne Arundel,clinton
MD,Prince George's,clinton
MD,Baltimorecity,clinton
MD,Dorchester,trump
MD,Cecil,trump
MD,Caroline,trump
MD,Howard,clinton
MD,Carroll,trump
MD,Montgomery,clinton
MD,Frederick,trump
MD,Charles,clinton
MD,Queen Anne's,trump
MD,Garrett,trump
MD,Talbot,trump
MD,Allegany,trump
MD,Wicomico,trump
MA,Nantucket,clinton
MA,Hampden,clinton
MA,Berkshire,clinton
MA,Norfolk,clinton
MA,Bristol,clinton
MA,Hampshire,clinton
MA,Barnstable,clinton
MA,Plymouth,clinton
MA,Suffolk,clinton
MA,Worcester,clinton
MA,Essex,clinton
MA,Middlesex,clinton
MA,Dukes,clinton
MA,Franklin,clinton
MI,Keweenaw,trump
MI,Luce,trump
MI,Ontonagon,trump
MI,Baraga,trump
MI,Alger,trump
MI,Oscoda,trump
MI,Montmorency,trump
MI,Iron,trump
MI,Crawford,trump
MI,Arenac,trump
MI,Missaukee,trump
MI,Benzie,trump
MI,Lenawee,trump
MI,Eaton,trump
MI,Roscommon,trump
MI,Lake,trump
MI,Chippewa,trump
MI,Presque Isle,trump
MI,Muskegon,clinton
MI,Grand Traverse,trump
MI,Allegan,trump
MI,Gogebic,trump
MI,Delta,trump
MI,Schoolcraft,trump
MI,Kalamazoo,clinton
MI,Saginaw,trump
MI,Jackson,trump
MI,Mackinac,trump
MI,Macomb,trump
MI,Iosco,trump
MI,Van Buren,trump
MI,Kent,trump
MI,Menominee,trump
MI,Oakland,clinton
MI,St.Clair,trump
MI,Alpena,trump
MI,Marquette,clinton
MI,Washtenaw,clinton
MI,Clinton,trump
MI,Shiawassee,trump
MI,Alcona,trump
MI,Monroe,trump
MI,Lapeer,trump
MI,Berrien,trump
MI,Ottawa,trump
MI,Livingston,trump
MI,Ingham,clinton
MI,Genesee,clinton
MI,Midland,trump
MI,Barry,trump
MI,Ionia,trump
MI,Osceola,trump
MI,Cheboygan,trump
MI,Tuscola,trump
MI,Calhoun,trump
MI,Bay,trump
MI,Gladwin,trump
MI,Leelanau,trump
MI,St.Joseph,trump
MI,Hillsdale,trump
MI,Newaygo,trump
MI,Mecosta,trump
MI,Isabella,trump
MI,Charlevoix,trump
MI,Huron,trump
MI,Emmet,trump
MI,Kalkaska,trump
MI,Wexford,trump
MI,Houghton,trump
MI,Gratiot,trump
MI,Montcalm,trump
MI,Dickinson,trump
MI,Clare,trump
MI,Wayne,clinton
MI,Antrim,trump
MI,Otsego,trump
MI,Cass,trump
MI,Mason,trump
MI,Branch,trump
MI,Oceana,trump
MI,Manistee,trump
MI,Sanilac,trump
MI,Ogemaw,trump
MN,Mahnomen,trump
MN,Lakeofthe Woods,trump
MN,Norman,trump
MN,Cook,clinton
MN,Lacqui Parle,trump
MN,Watonwan,trump
MN,Murray,trump
MN,Marshall,trump
MN,Pipestone,trump
MN,Yellow Medicine,trump
MN,Red Lake,trump
MN,Jackson,trump
MN,Renville,trump
MN,Sibley,trump
MN,Nobles,trump
MN,Clearwater,trump
MN,Roseau,trump
MN,Aitkin,trump
MN,Houston,trump
MN,Pope,trump
MN,Fillmore,trump
MN,Otter Tail,trump
MN,Steele,trump
MN,Kanabec,trump
MN,Faribault,trump
MN,Olmsted,clinton
MN,Swift,trump
MN,Wilkin,trump
MN,Pine,trump
MN,Anoka,trump
MN,Carver,trump
MN,Stevens,trump
MN,St.Louis,clinton
MN,Dakota,clinton
MN,Douglas,trump
MN,Cass,trump
MN,Washington,clinton
MN,Rice,trump
MN,Sherburne,trump
MN,Chippewa,trump
MN,Clay,trump
MN,Beltrami,trump
MN,Kittson,trump
MN,Wadena,trump
MN,Ramsey,clinton
MN,Mille Lacs,trump
MN,Chisago,trump
MN,Grant,trump
MN,Koochiching,trump
MN,Hubbard,trump
MN,Wright,trump
MN,Traverse,trump
MN,Stearns,trump
MN,Pennington,trump
MN,Le Sueur,trump
MN,Lake,clinton
MN,Isanti,trump
MN,Crow Wing,trump
MN,Big Stone,trump
MN,Waseca,trump
MN,Cottonwood,trump
MN,Morrison,trump
MN,Goodhue,trump
MN,Itasca,trump
MN,Benton,trump
MN,Kandiyohi,trump
MN,Rock,trump
MN,Scott,trump
MN,Mc Leod,trump
MN,Becker,trump
MN,Hennepin,clinton
MN,Brown,trump
MN,Polk,trump
MN,Winona,trump
MN,Redwood,trump
MN,Mower,trump
MN,Freeborn,trump
MN,Todd,trump
MN,Carlton,clinton
MN,Nicollet,trump
MN,Meeker,trump
MN,Lyon,trump
MN,Lincoln,trump
MN,Martin,trump
MN,Wabasha,trump
MN,Dodge,trump
MN,Blue Earth,trump
MS,Issaquena,clinton
MS,Sharkey,clinton
MS,Quitman,clinton
MS,Franklin,trump
MS,Montgomery,trump
MS,Wilkinson,clinton
MS,Tallahatchie,clinton
MS,Claiborne,clinton
MS,Jefferson Davis,clinton
MS,Carroll,trump
MS,Lawrence,trump
MS,Chickasaw,trump
MS,Amite,trump
MS,Greene,trump
MS,Noxubee,clinton
MS,Jasper,clinton
MS,Kemper,clinton
MS,Clarke,trump
MS,Clay,clinton
MS,Wayne,trump
MS,Scott,trump
MS,Lauderdale,trump
MS,Lamar,trump
MS,Lee,trump
MS,Benton,trump
MS,Stone,trump
MS,Pontotoc,trump
MS,Rankin,trump
MS,Perry,trump
MS,Jackson,trump
MS,Madison,trump
MS,Prentiss,trump
MS,Pike,clinton
MS,Bolivar,clinton
MS,Webster,trump
MS,Harrison,trump
MS,Attala,trump
MS,Winston,trump
MS,Holmes,clinton
MS,George,trump
MS,Yazoo,clinton
MS,Lowndes,trump
MS,Leflore,clinton
MS,Coahoma,clinton
MS,Jefferson,clinton
MS,Hancock,trump
MS,Tunica,clinton
MS,Forrest,trump
MS,Jones,trump
MS,Pearl River,trump
MS,Simpson,trump
MS,Covington,trump
MS,Copiah,clinton
MS,De Soto,trump
MS,Hinds,clinton
MS,Calhoun,trump
MS,Panola,trump
MS,Alcorn,trump
MS,Washington,clinton
MS,Lafayette,trump
MS,Lincoln,trump
MS,Monroe,trump
MS,Walthall,trump
MS,Choctaw,trump
MS,Warren,trump
MS,Smith,trump
MS,Neshoba,trump
MS,Union,trump
MS,Grenada,trump
MS,Oktibbeha,clinton
MS,Yalobusha,trump
MS,Itawamba,trump
MS,Marshall,clinton
MS,Marion,trump
MS,Adams,clinton
MS,Humphreys,clinton
MS,Tate,trump
MS,Tippah,trump
MS,Tishomingo,trump
MS,Sunflower,clinton
MS,Newton,trump
MS,Leake,trump
MO,Knox,trump
MO,Mercer,trump
MO,Schuyler,trump
MO,Scotland,trump
MO,Holt,trump
MO,Atchison,trump
MO,Carter,trump
MO,Shelby,trump
MO,Daviess,trump
MO,Chariton,trump
MO,Harrison,trump
MO,Howard,trump
MO,Lewis,trump
MO,Carroll,trump
MO,Hickory,trump
MO,Mississippi,trump
MO,Ozark,trump
MO,Oregon,trump
MO,De Kalb,trump
MO,Pemiscot,trump
MO,Ralls,trump
MO,Madison,trump
MO,Worth,trump
MO,Ripley,trump
MO,Bollinger,trump
MO,Cedar,trump
MO,Pike,trump
MO,Ste.Genevieve,trump
MO,Cooper,trump
MO,Dallas,trump
MO,Bates,trump
MO,Adair,trump
MO,Callaway,trump
MO,Newton,trump
MO,Washington,trump
MO,Cole,trump
MO,Grundy,trump
MO,Platte,trump
MO,Mc Donald,trump
MO,Taney,trump
MO,Osage,trump
MO,Caldwell,trump
MO,Christian,trump
MO,Wright,trump
MO,Cass,trump
MO,Monroe,trump
MO,New Madrid,trump
MO,Jasper,trump
MO,Franklin,trump
MO,Audrain,trump
MO,Henry,trump
MO,Camden,trump
MO,Linn,trump
MO,Boone,clinton
MO,Lincoln,trump
MO,Reynolds,trump
MO,St.Charles,trump
MO,Morgan,trump
MO,NA,clinton
MO,Nodaway,trump
MO,Stone,trump
MO,Johnson,trump
MO,St.Louiscity,clinton
MO,Benton,trump
MO,Cape Girardeau,trump
MO,St.Louis,clinton
MO,Laclede,trump
MO,Livingston,trump
MO,Sullivan,trump
MO,Barry,trump
MO,Crawford,trump
MO,Jackson,trump
MO,Warren,trump
MO,Pulaski,trump
MO,Stoddard,trump
MO,Barton,trump
MO,Howell,trump
MO,Clay,trump
MO,Saline,trump
MO,Gasconade,trump
MO,Greene,trump
MO,Maries,trump
MO,Jefferson,trump
MO,St.Francois,trump
MO,Clark,trump
MO,Dent,trump
MO,Buchanan,trump
MO,Dade,trump
MO,Polk,trump
MO,St.Clair,trump
MO,Moniteau,trump
MO,Butler,trump
MO,Putnam,trump
MO,Webster,trump
MO,Pettis,trump
MO,Phelps,trump
MO,Shannon,trump
MO,Wayne,trump
MO,Ray,trump
MO,Lawrence,trump
MO,Lafayette,trump
MO,Vernon,trump
MO,Perry,trump
MO,Marion,trump
MO,Gentry,trump
MO,Miller,trump
MO,Montgomery,trump
MO,Scott,trump
MO,Texas,trump
MO,Iron,trump
MO,Randolph,trump
MO,Clinton,trump
MO,Dunklin,trump
MO,Douglas,trump
MO,Andrew,trump
MO,Macon,trump
MT,Petroleum,trump
MT,Golden Valley,trump
MT,Wibaux,trump
MT,Prairie,trump
MT,Garfield,trump
MT,Liberty,trump
MT,Granite,trump
MT,Blaine,trump
MT,Mineral,trump
MT,Chouteau,trump
MT,Phillips,trump
MT,Roosevelt,trump
MT,Pondera,trump
MT,Powell,trump
MT,Big Horn,clinton
MT,Sweet Grass,trump
MT,Rosebud,trump
MT,Valley,trump
MT,Glacier,clinton
MT,Deer Lodge,clinton
MT,Mc Cone,trump
MT,Dawson,trump
MT,Beaverhead,trump
MT,Hill,trump
MT,Carbon,trump
MT,Madison,trump
MT,Jefferson,trump
MT,Sanders,trump
MT,Daniels,trump
MT,Park,trump
MT,Custer,trump
MT,Stillwater,trump
MT,Cascade,trump
MT,Toole,trump
MT,Musselshell,trump
MT,Flathead,trump
MT,Fergus,trump
MT,Richland,trump
MT,Yellowstone,trump
MT,Broadwater,trump
MT,Carter,trump
MT,Ravalli,trump
MT,Powder River,trump
MT,Sheridan,trump
MT,Wheatland,trump
MT,Gallatin,clinton
MT,Lewisand Clark,trump
MT,Missoula,clinton
MT,Meagher,trump
MT,Silver Bow,clinton
MT,Judith Basin,trump
MT,Treasure,trump
MT,Lake,trump
MT,Lincoln,trump
MT,Teton,trump
MT,Fallon,trump
NE,Arthur,trump
NE,Hooker,trump
NE,Rock,trump
NE,Gosper,trump
NE,Garfield,trump
NE,Dundy,trump
NE,Greeley,trump
NE,Boyd,trump
NE,Thurston,trump
NE,Frontier,trump
NE,Nance,trump
NE,Kimball,trump
NE,Webster,trump
NE,Brown,trump
NE,Nuckolls,trump
NE,Perkins,trump
NE,Polk,trump
NE,Dixon,trump
NE,Colfax,trump
NE,Stanton,trump
NE,Howard,trump
NE,Boone,trump
NE,Burt,trump
NE,Jefferson,trump
NE,Clay,trump
NE,Valley,trump
NE,Cherry,trump
NE,Dawes,trump
NE,Antelope,trump
NE,Richardson,trump
NE,Butler,trump
NE,Knox,trump
NE,Cedar,trump
NE,Dakota,trump
NE,Box Butte,trump
NE,Thomas,trump
NE,Hayes,trump
NE,Red Willow,trump
NE,Holt,trump
NE,York,trump
NE,Pierce,trump
NE,Logan,trump
NE,Cuming,trump
NE,Grant,trump
NE,Phelps,trump
NE,Fillmore,trump
NE,Sioux,trump
NE,Garden,trump
NE,Wayne,trump
NE,Sheridan,trump
NE,Madison,trump
NE,Loup,trump
NE,Seward,trump
NE,Kearney,trump
NE,Wheeler,trump
NE,Dodge,trump
NE,Banner,trump
NE,Keya Paha,trump
NE,Sarpy,trump
NE,Sherman,trump
NE,Hall,trump
NE,Morrill,trump
NE,Johnson,trump
NE,Pawnee,trump
NE,Nemaha,trump
NE,Keith,trump
NE,Hitchcock,trump
NE,Cass,trump
NE,Adams,trump
NE,Douglas,clinton
NE,Cheyenne,trump
NE,Saline,trump
NE,Blaine,trump
NE,Otoe,trump
NE,Harlan,trump
NE,Franklin,trump
NE,Buffalo,trump
NE,Deuel,trump
NE,Lincoln,trump
NE,Lancaster,clinton
NE,Dawson,trump
NE,Platte,trump
NE,Custer,trump
NE,Scotts Bluff,trump
NE,Washington,trump
NE,Thayer,trump
NE,Chase,trump
NE,Merrick,trump
NE,Mc Pherson,trump
NE,Furnas,trump
NE,Gage,trump
NE,Saunders,trump
NE,Hamilton,trump
NV,Esmeralda,trump
NV,Eureka,trump
NV,Lincoln,trump
NV,White Pine,trump
NV,Lander,trump
NV,Humboldt,trump
NV,Mineral,trump
NV,Elko,trump
NV,Clark,clinton
NV,Carson City,trump
NV,Douglas,trump
NV,Lyon,trump
NV,Nye,trump
NV,Storey,trump
NV,Churchill,trump
NV,Washoe,clinton
NV,Pershing,trump
NH,Merrimack,trump
NH,Rockingham,trump
NH,Grafton,clinton
NH,Belknap,trump
NH,Strafford,clinton
NH,Carroll,trump
NH,Cheshire,clinton
NH,NA,clinton
NH,Hillsborough,trump
NH,Sullivan,trump
NH,Coos,trump
NJ,Cape May,trump
NJ,Hudson,clinton
NJ,Mercer,clinton
NJ,Cumberland,clinton
NJ,Camden,clinton
NJ,Morris,trump
NJ,Passaic,clinton
NJ,Hunterdon,trump
NJ,Gloucester,trump
NJ,Burlington,clinton
NJ,Somerset,clinton
NJ,Ocean,trump
NJ,Middlesex,clinton
NJ,Union,clinton
NJ,Sussex,trump
NJ,Atlantic,clinton
NJ,Salem,trump
NJ,Essex,clinton
NJ,Warren,trump
NJ,Bergen,clinton
NJ,Monmouth,trump
NM,De Baca,trump
NM,Hidalgo,trump
NM,Guadalupe,clinton
NM,Union,trump
NM,Catron,trump
NM,Mora,clinton
NM,Quay,trump
NM,Harding,trump
NM,Sierra,trump
NM,Luna,trump
NM,Torrance,trump
NM,Roosevelt,trump
NM,Cibola,clinton
NM,Colfax,trump
NM,Los Alamos,clinton
NM,Lincoln,trump
NM,Chaves,trump
NM,San Juan,trump
NM,Taos,clinton
NM,Socorro,clinton
NM,Bernalillo,clinton
NM,Grant,clinton
NM,Sandoval,clinton
NM,San Miguel,clinton
NM,Santa Fe,clinton
NM,Otero,trump
NM,Eddy,trump
NM,Lea,trump
NM,Doï¿½a Ana,clinton
NM,Rio Arriba,clinton
NM,Mc Kinley,clinton
NM,Curry,trump
NM,Valencia,trump
NY,Hamilton,trump
NY,NA,trump
NY,St.Lawrence,trump
NY,Chemung,trump
NY,Tioga,trump
NY,Steuben,trump
NY,Ontario,trump
NY,Oswego,trump
NY,Onondaga,clinton
NY,Rensselaer,trump
NY,Cattaraugus,trump
NY,New York,clinton
NY,Washington,trump
NY,Broome,trump
NY,Chautauqua,trump
NY,Oneida,trump
NY,Orleans,trump
NY,Seneca,trump
NY,Suffolk,trump
NY,Erie,clinton
NY,Richmond,trump
NY,Jefferson,trump
NY,Kings,clinton
NY,Wyoming,trump
NY,Bronx,clinton
NY,Dutchess,clinton
NY,Monroe,clinton
NY,Montgomery,trump
NY,Queens,clinton
NY,Niagara,trump
NY,Nassau,clinton
NY,Westchester,clinton
NY,Wayne,trump
NY,Schuyler,trump
NY,Rockland,clinton
NY,Schenectady,clinton
NY,Orange,trump
NY,Ulster,clinton
NY,Albany,clinton
NY,Cayuga,trump
NY,Livingston,trump
NY,Genesee,trump
NY,Herkimer,trump
NY,Tompkins,clinton
NY,Sullivan,trump
NY,Warren,trump
NY,Columbia,clinton
NY,Clinton,clinton
NY,Fulton,trump
NY,Otsego,trump
NY,Greene,trump
NY,Saratoga,trump
NY,Delaware,trump
NY,Chenango,trump
NY,Allegany,trump
NY,Schoharie,trump
NY,Cortland,trump
NY,Essex,trump
NY,Lewis,trump
NY,Madison,trump
NY,Putnam,trump
NY,Franklin,trump
NC,Tyrrell,trump
NC,Hyde,trump
NC,Graham,trump
NC,Camden,trump
NC,Perquimans,trump
NC,Pamlico,trump
NC,Swain,trump
NC,Clay,trump
NC,Washington,clinton
NC,Anson,clinton
NC,Martin,trump
NC,Northampton,clinton
NC,Haywood,trump
NC,Wilson,clinton
NC,Bladen,trump
NC,Mc Dowell,trump
NC,Nash,trump
NC,Surry,trump
NC,Montgomery,trump
NC,Caldwell,trump
NC,Davie,trump
NC,Pender,trump
NC,Chatham,clinton
NC,Stanly,trump
NC,Wilkes,trump
NC,Granville,trump
NC,Transylvania,trump
NC,Moore,trump
NC,Lincoln,trump
NC,Hertford,clinton
NC,Henderson,trump
NC,Alexander,trump
NC,Onslow,trump
NC,Chowan,trump
NC,Carteret,trump
NC,Craven,trump
NC,Gaston,trump
NC,Rowan,trump
NC,Harnett,trump
NC,Mitchell,trump
NC,Robeson,trump
NC,Durham,clinton
NC,Mecklenburg,clinton
NC,Orange,clinton
NC,Davidson,trump
NC,Forsyth,clinton
NC,Rutherford,trump
NC,Alamance,trump
NC,Yancey,trump
NC,Cumberland,clinton
NC,Buncombe,clinton
NC,Alleghany,trump
NC,Catawba,trump
NC,Union,trump
NC,Dare,trump
NC,Greene,trump
NC,Wake,clinton
NC,Franklin,trump
NC,Johnston,trump
NC,Iredell,trump
NC,Randolph,trump
NC,Cabarrus,trump
NC,Bertie,clinton
NC,Rockingham,trump
NC,Burke,trump
NC,Gates,trump
NC,Brunswick,trump
NC,Caswell,trump
NC,Stokes,trump
NC,Guilford,clinton
NC,Edgecombe,clinton
NC,Avery,trump
NC,Halifax,clinton
NC,Person,trump
NC,Watauga,clinton
NC,Sampson,trump
NC,Beaufort,trump
NC,Columbus,trump
NC,Pitt,clinton
NC,Yadkin,trump
NC,Lee,trump
NC,Lenoir,trump
NC,Vance,clinton
NC,Duplin,trump
NC,Macon,trump
NC,Jones,trump
NC,Cherokee,trump
NC,Polk,trump
NC,Richmond,trump
NC,Jackson,trump
NC,Hoke,clinton
NC,Ashe,trump
NC,Currituck,trump
NC,Cleveland,trump
NC,Pasquotank,clinton
NC,Wayne,trump
NC,Scotland,clinton
NC,Warren,clinton
NC,Madison,trump
NC,New Hanover,trump
ND,Steele,trump
ND,Towner,trump
ND,Golden Valley,trump
ND,Oliver,trump
ND,Divide,trump
ND,Logan,trump
ND,Burke,trump
ND,Mc Intosh,trump
ND,Grant,trump
ND,Ransom,trump
ND,Foster,trump
ND,Dickey,trump
ND,Dunn,trump
ND,Wells,trump
ND,Pembina,trump
ND,Bottineau,trump
ND,Walsh,trump
ND,Barnes,trump
ND,Ramsey,trump
ND,Griggs,trump
ND,Mercer,trump
ND,Mc Lean,trump
ND,Sargent,trump
ND,Mountrail,trump
ND,Hettinger,trump
ND,Adams,trump
ND,Billings,trump
ND,Renville,trump
ND,Bowman,trump
ND,Burleigh,trump
ND,Mc Henry,trump
ND,Cass,trump
ND,Sioux,clinton
ND,Sheridan,trump
ND,Nelson,trump
ND,Richland,trump
ND,Traill,trump
ND,La Moure,trump
ND,Benson,trump
ND,Rolette,clinton
ND,Kidder,trump
ND,Cavalier,trump
ND,Grand Forks,trump
ND,Williams,trump
ND,Morton,trump
ND,Emmons,trump
ND,Pierce,trump
ND,Stark,trump
ND,Slope,trump
ND,Ward,trump
ND,Eddy,trump
ND,Mc Kenzie,trump
ND,Stutsman,trump
OH,Morgan,trump
OH,Noble,trump
OH,Monroe,trump
OH,Mercer,trump
OH,Belmont,trump
OH,Union,trump
OH,Ross,trump
OH,Tuscarawas,trump
OH,Delaware,trump
OH,Sandusky,trump
OH,Auglaize,trump
OH,Fairfield,trump
OH,Geauga,trump
OH,Allen,trump
OH,Wayne,trump
OH,Pickaway,trump
OH,Paulding,trump
OH,Scioto,trump
OH,Knox,trump
OH,Medina,trump
OH,Lorain,clinton
OH,Muskingum,trump
OH,Clark,trump
OH,Hocking,trump
OH,Summit,clinton
OH,Trumbull,trump
OH,Franklin,clinton
OH,Guernsey,trump
OH,Vinton,trump
OH,Defiance,trump
OH,Hamilton,clinton
OH,Stark,trump
OH,Montgomery,trump
OH,Miami,trump
OH,Darke,trump
OH,Ottawa,trump
OH,Jackson,trump
OH,Harrison,trump
OH,Fayette,trump
OH,Warren,trump
OH,Clermont,trump
OH,Mahoning,clinton
OH,Erie,trump
OH,Columbiana,trump
OH,Lake,trump
OH,Champaign,trump
OH,Lawrence,trump
OH,Richland,trump
OH,Ashtabula,trump
OH,Jefferson,trump
OH,Ashland,trump
OH,Hardin,trump
OH,Crawford,trump
OH,Marion,trump
OH,Athens,clinton
OH,Huron,trump
OH,Butler,trump
OH,Logan,trump
OH,Greene,trump
OH,Preble,trump
OH,Washington,trump
OH,Putnam,trump
OH,Brown,trump
OH,Highland,trump
OH,Clinton,trump
OH,Cuyahoga,clinton
OH,Wood,trump
OH,Morrow,trump
OH,Williams,trump
OH,Madison,trump
OH,Fulton,trump
OH,Pike,trump
OH,Coshocton,trump
OH,Van Wert,trump
OH,Perry,trump
OH,Portage,trump
OH,Gallia,trump
OH,Henry,trump
OH,Holmes,trump
OH,Adams,trump
OH,Shelby,trump
OH,Hancock,trump
OH,Lucas,clinton
OH,Wyandot,trump
OH,Meigs,trump
OH,Carroll,trump
OH,Seneca,trump
OH,Licking,trump
OK,Harmon,trump
OK,Cimarron,trump
OK,Greer,trump
OK,Ellis,trump
OK,Grant,trump
OK,Coal,trump
OK,Jefferson,trump
OK,Alfalfa,trump
OK,Dewey,trump
OK,Beaver,trump
OK,Cotton,trump
OK,Kiowa,trump
OK,Blaine,trump
OK,Major,trump
OK,Haskell,trump
OK,Noble,trump
OK,Washita,trump
OK,Murray,trump
OK,Craig,trump
OK,Texas,trump
OK,Adair,trump
OK,Kingfisher,trump
OK,Mc Intosh,trump
OK,Seminole,trump
OK,Jackson,trump
OK,Wagoner,trump
OK,Pottawatomie,trump
OK,Woodward,trump
OK,Woods,trump
OK,Pawnee,trump
OK,Harper,trump
OK,Beckham,trump
OK,Creek,trump
OK,Okfuskee,trump
OK,Comanche,trump
OK,Tulsa,trump
OK,Oklahoma,trump
OK,Tillman,trump
OK,Choctaw,trump
OK,Nowata,trump
OK,Washington,trump
OK,Johnston,trump
OK,Carter,trump
OK,Mc Clain,trump
OK,Stephens,trump
OK,Love,trump
OK,Mayes,trump
OK,Grady,trump
OK,Hughes,trump
OK,Cleveland,trump
OK,Payne,trump
OK,Garfield,trump
OK,Muskogee,trump
OK,Kay,trump
OK,Sequoyah,trump
OK,Logan,trump
OK,Mc Curtain,trump
OK,Osage,trump
OK,Le Flore,trump
OK,Pittsburg,trump
OK,Canadian,trump
OK,Pushmataha,trump
OK,Lincoln,trump
OK,Bryan,trump
OK,Pontotoc,trump
OK,Cherokee,trump
OK,Marshall,trump
OK,Okmulgee,trump
OK,Atoka,trump
OK,Garvin,trump
OK,Rogers,trump
OK,Custer,trump
OK,Latimer,trump
OK,Ottawa,trump
OK,Delaware,trump
OK,Caddo,trump
OK,Roger Mills,trump
OR,Wheeler,trump
OR,Gilliam,trump
OR,Sherman,trump
OR,Wallowa,trump
OR,Harney,trump
OR,Grant,trump
OR,Baker,trump
OR,Wasco,trump
OR,Benton,clinton
OR,Klamath,trump
OR,Tillamook,trump
OR,Washington,clinton
OR,Lake,trump
OR,Lane,clinton
OR,Linn,trump
OR,Multnomah,clinton
OR,Polk,trump
OR,Marion,trump
OR,Clatsop,clinton
OR,Deschutes,trump
OR,Umatilla,trump
OR,Josephine,trump
OR,Yamhill,trump
OR,Douglas,trump
OR,Columbia,trump
OR,Jackson,trump
OR,Jefferson,trump
OR,Coos,trump
OR,Crook,trump
OR,Union,trump
OR,Morrow,trump
OR,Curry,trump
OR,Malheur,trump
OR,Clackamas,clinton
OR,Hood River,clinton
OR,Lincoln,clinton
PA,Cameron,trump
PA,Forest,trump
PA,Montour,trump
PA,Fulton,trump
PA,Carbon,trump
PA,Lawrence,trump
PA,Union,trump
PA,Mc Kean,trump
PA,Erie,trump
PA,Monroe,clinton
PA,Potter,trump
PA,Berks,trump
PA,Lebanon,trump
PA,Cumberland,trump
PA,Bucks,clinton
PA,Westmoreland,trump
PA,Perry,trump
PA,Montgomery,clinton
PA,Mercer,trump
PA,Bedford,trump
PA,Indiana,trump
PA,Sullivan,trump
PA,Allegheny,clinton
PA,Lancaster,trump
PA,Adams,trump
PA,Philadelphia,clinton
PA,Columbia,trump
PA,Somerset,trump
PA,Franklin,trump
PA,Butler,trump
PA,Elk,trump
PA,Susquehanna,trump
PA,Lehigh,clinton
PA,Clearfield,trump
PA,Northampton,trump
PA,Crawford,trump
PA,Chester,clinton
PA,Lackawanna,clinton
PA,Jefferson,trump
PA,Dauphin,clinton
PA,Washington,trump
PA,Centre,clinton
PA,Luzerne,trump
PA,Bradford,trump
PA,Armstrong,trump
PA,Delaware,clinton
PA,Beaver,trump
PA,Schuylkill,trump
PA,Cambria,trump
PA,Juniata,trump
PA,Wyoming,trump
PA,Wayne,trump
PA,Pike,trump
PA,Venango,trump
PA,Lycoming,trump
PA,Huntingdon,trump
PA,Tioga,trump
PA,York,trump
PA,Fayette,trump
PA,Warren,trump
PA,Snyder,trump
PA,Greene,trump
PA,Mifflin,trump
PA,Blair,trump
PA,Clarion,trump
PA,Northumberland,trump
PA,Clinton,trump
RI,Newport,clinton
RI,Kent,trump
RI,Providence,clinton
RI,Washington,clinton
RI,Bristol,clinton
RI,NA,clinton
SC,Mc Cormick,trump
SC,Calhoun,trump
SC,Bamberg,clinton
SC,Barnwell,trump
SC,Dillon,clinton
SC,Marlboro,clinton
SC,Jasper,clinton
SC,Lexington,trump
SC,Lancaster,trump
SC,Sumter,clinton
SC,Newberry,trump
SC,Marion,clinton
SC,Dorchester,trump
SC,Pickens,trump
SC,Clarendon,clinton
SC,Saluda,trump
SC,Richland,clinton
SC,Oconee,trump
SC,Orangeburg,clinton
SC,Anderson,trump
SC,Lee,clinton
SC,Georgetown,trump
SC,Cherokee,trump
SC,Greenville,trump
SC,Charleston,clinton
SC,Kershaw,trump
SC,Florence,trump
SC,Horry,trump
SC,York,trump
SC,Beaufort,trump
SC,Berkeley,trump
SC,Darlington,trump
SC,Spartanburg,trump
SC,Chesterfield,trump
SC,Aiken,trump
SC,Greenwood,trump
SC,Laurens,trump
SC,Colleton,trump
SC,Edgefield,trump
SC,Williamsburg,clinton
SC,Union,trump
SC,Allendale,clinton
SC,Hampton,clinton
SC,Chester,trump
SC,Abbeville,trump
SC,Fairfield,clinton
SD,Buffalo,clinton
SD,Mellette,trump
SD,Jones,trump
SD,Hyde,trump
SD,Corson,trump
SD,Bennett,trump
SD,Sully,trump
SD,Miner,trump
SD,Sanborn,trump
SD,Faulk,trump
SD,Mc Pherson,trump
SD,Lyman,trump
SD,Harding,trump
SD,Gregory,trump
SD,Day,trump
SD,Moody,trump
SD,Campbell,trump
SD,Spink,trump
SD,Walworth,trump
SD,Hamlin,trump
SD,Tripp,trump
SD,Roberts,trump
SD,Grant,trump
SD,Charles Mix,trump
SD,Mc Cook,trump
SD,NA,clinton
SD,Clay,clinton
SD,Turner,trump
SD,Deuel,trump
SD,Butte,trump
SD,Todd,clinton
SD,Lake,trump
SD,Hughes,trump
SD,Kingsbury,trump
SD,Yankton,trump
SD,Hutchinson,trump
SD,Union,trump
SD,Haakon,trump
SD,Pennington,trump
SD,Custer,trump
SD,Hand,trump
SD,Davison,trump
SD,Edmunds,trump
SD,Fall River,trump
SD,Perkins,trump
SD,Clark,trump
SD,Beadle,trump
SD,Brookings,trump
SD,Dewey,clinton
SD,Minnehaha,trump
SD,Lincoln,trump
SD,Lawrence,trump
SD,Jackson,trump
SD,Brule,trump
SD,Brown,trump
SD,Hanson,trump
SD,Ziebach,trump
SD,Stanley,trump
SD,Bon Homme,trump
SD,Potter,trump
SD,Marshall,trump
SD,Jerauld,trump
SD,Meade,trump
SD,Codington,trump
SD,Douglas,trump
SD,Aurora,trump
TN,Van Buren,trump
TN,Hancock,trump
TN,Pickett,trump
TN,Trousdale,trump
TN,Perry,trump
TN,Houston,trump
TN,Moore,trump
TN,Meigs,trump
TN,Bledsoe,trump
TN,Haywood,clinton
TN,Clay,trump
TN,Crockett,trump
TN,Hardeman,trump
TN,Humphreys,trump
TN,Wayne,trump
TN,Polk,trump
TN,Morgan,trump
TN,Smith,trump
TN,Unicoi,trump
TN,Scott,trump
TN,Overton,trump
TN,Macon,trump
TN,Loudon,trump
TN,Grundy,trump
TN,Robertson,trump
TN,Maury,trump
TN,Putnam,trump
TN,Cannon,trump
TN,Cumberland,trump
TN,Sevier,trump
TN,Bradley,trump
TN,Fentress,trump
TN,Montgomery,trump
TN,Washington,trump
TN,Knox,trump
TN,Union,trump
TN,Greene,trump
TN,Monroe,trump
TN,Sequatchie,trump
TN,Blount,trump
TN,Sullivan,trump
TN,Rhea,trump
TN,Williamson,trump
TN,Campbell,trump
TN,Hamilton,trump
TN,Giles,trump
TN,Chester,trump
TN,Jackson,trump
TN,Gibson,trump
TN,Madison,trump
TN,Lewis,trump
TN,Hickman,trump
TN,Jefferson,trump
TN,Rutherford,trump
TN,Grainger,trump
TN,Shelby,clinton
TN,Lake,trump
TN,Sumner,trump
TN,Wilson,trump
TN,Tipton,trump
TN,Carter,trump
TN,Roane,trump
TN,De Kalb,trump
TN,Stewart,trump
TN,Coffee,trump
TN,Dickson,trump
TN,Fayette,trump
TN,Carroll,trump
TN,Marion,trump
TN,Johnson,trump
TN,Benton,trump
TN,Dyer,trump
TN,Franklin,trump
TN,Bedford,trump
TN,Cheatham,trump
TN,Lauderdale,trump
TN,Marshall,trump
TN,Mc Minn,trump
TN,Lincoln,trump
TN,Henderson,trump
TN,Cocke,trump
TN,Warren,trump
TN,Obion,trump
TN,Henry,trump
TN,Mc Nairy,trump
TN,Weakley,trump
TN,Anderson,trump
TN,Decatur,trump
TN,Claiborne,trump
TN,Hawkins,trump
TN,Lawrence,trump
TN,Davidson,clinton
TN,Hardin,trump
TN,Hamblen,trump
TN,White,trump
TX,Terrell,trump
TX,Mc Mullen,trump
TX,Hudspeth,trump
TX,Cottle,trump
TX,Sterling,trump
TX,Glasscock,trump
TX,Motley,trump
TX,Dickens,trump
TX,Schleicher,trump
TX,Armstrong,trump
TX,Crockett,trump
TX,Collingsworth,trump
TX,Donley,trump
TX,Dallam,trump
TX,Coke,trump
TX,Shackelford,trump
TX,Real,trump
TX,Winkler,trump
TX,Castro,trump
TX,Hemphill,trump
TX,Lynn,trump
TX,Mason,trump
TX,Kimble,trump
TX,Hartley,trump
TX,Hansford,trump
TX,Yoakum,trump
TX,Childress,trump
TX,Refugio,trump
TX,Delta,trump
TX,Brooks,clinton
TX,Zapata,clinton
TX,Brewster,trump
TX,Wheeler,trump
TX,Dimmit,clinton
TX,Stonewall,trump
TX,Pecos,trump
TX,Ward,trump
TX,Goliad,trump
TX,Ochiltree,trump
TX,Dawson,trump
TX,King,trump
TX,Deaf Smith,trump
TX,Karnes,trump
TX,Jack,trump
TX,Stephens,trump
TX,Lamb,trump
TX,Coleman,trump
TX,Camp,trump
TX,Somervell,trump
TX,Runnels,trump
TX,Willacy,clinton
TX,Morris,trump
TX,Kenedy,clinton
TX,Nolan,trump
TX,Franklin,trump
TX,Archer,trump
TX,Haskell,trump
TX,Bailey,trump
TX,Gaines,trump
TX,Rains,trump
TX,La Salle,clinton
TX,Blanco,trump
TX,Jackson,trump
TX,Comanche,trump
TX,Floyd,trump
TX,Scurry,trump
TX,Sabine,trump
TX,Wilbarger,trump
TX,Gonzales,trump
TX,Parmer,trump
TX,Calhoun,trump
TX,Robertson,trump
TX,Trinity,trump
TX,Mc Culloch,trump
TX,Kleberg,clinton
TX,San Augustine,trump
TX,Bee,trump
TX,Jones,trump
TX,Callahan,trump
TX,Foard,trump
TX,Hamilton,trump
TX,Kinney,trump
TX,Burleson,trump
TX,Menard,trump
TX,Garza,trump
TX,Upton,trump
TX,Limestone,trump
TX,Freestone,trump
TX,Irion,trump
TX,Hardin,trump
TX,Hood,trump
TX,Reagan,trump
TX,Crosby,trump
TX,Reeves,clinton
TX,Marion,trump
TX,Culberson,clinton
TX,Victoria,trump
TX,San Jacinto,trump
TX,Van Zandt,trump
TX,Hunt,trump
TX,Rockwall,trump
TX,Wichita,trump
TX,Gregg,trump
TX,Martin,trump
TX,Kaufman,trump
TX,Roberts,trump
TX,Knox,trump
TX,Maverick,clinton
TX,San Saba,trump
TX,Austin,trump
TX,Falls,trump
TX,Taylor,trump
TX,Montague,trump
TX,Jasper,trump
TX,Nueces,trump
TX,Grayson,trump
TX,Hill,trump
TX,Concho,trump
TX,Llano,trump
TX,Midland,trump
TX,Bastrop,trump
TX,Brazoria,trump
TX,Chambers,trump
TX,Jeff Davis,trump
TX,Loving,trump
TX,Tom Green,trump
TX,Live Oak,trump
TX,Dallas,clinton
TX,Gray,trump
TX,Brown,trump
TX,Waller,trump
TX,Crane,trump
TX,Bandera,trump
TX,Mc Lennan,trump
TX,Houston,trump
TX,Tarrant,trump
TX,Williamson,trump
TX,El Paso,clinton
TX,Harris,clinton
TX,Upshur,trump
TX,Borden,trump
TX,Presidio,clinton
TX,Hopkins,trump
TX,Bowie,trump
TX,Fort Bend,clinton
TX,Lipscomb,trump
TX,Hidalgo,clinton
TX,Hockley,trump
TX,Parker,trump
TX,Caldwell,trump
TX,Bexar,clinton
TX,Ellis,trump
TX,Travis,clinton
TX,Orange,trump
TX,Kendall,trump
TX,Cochran,trump
TX,Wilson,trump
TX,De Witt,trump
TX,Tyler,trump
TX,Bell,trump
TX,Guadalupe,trump
TX,Jefferson,trump
TX,Collin,trump
TX,Brazos,trump
TX,Henderson,trump
TX,Hays,trump
TX,Denton,trump
TX,Red River,trump
TX,Fayette,trump
TX,Zavala,clinton
TX,Smith,trump
TX,Uvalde,trump
TX,Hutchinson,trump
TX,Angelina,trump
TX,Ector,trump
TX,Potter,trump
TX,Rusk,trump
TX,Montgomery,trump
TX,Lubbock,trump
TX,Galveston,trump
TX,Kerr,trump
TX,Clay,trump
TX,Webb,clinton
TX,Liberty,trump
TX,Cameron,clinton
TX,Randall,trump
TX,Bosque,trump
TX,Sutton,trump
TX,Newton,trump
TX,Carson,trump
TX,Sherman,trump
TX,Wood,trump
TX,Nacogdoches,trump
TX,Fannin,trump
TX,Burnet,trump
TX,Lamar,trump
TX,Hardeman,trump
TX,Atascosa,trump
TX,Anderson,trump
TX,Cooke,trump
TX,Mitchell,trump
TX,San Patricio,trump
TX,Eastland,trump
TX,Cherokee,trump
TX,Walker,trump
TX,Aransas,trump
TX,Coryell,trump
TX,Palo Pinto,trump
TX,Gillespie,trump
TX,Moore,trump
TX,Medina,trump
TX,Navarro,trump
TX,Kent,trump
TX,Briscoe,trump
TX,Madison,trump
TX,Shelby,trump
TX,Polk,trump
TX,Wise,trump
TX,Baylor,trump
TX,Erath,trump
TX,Grimes,trump
TX,Washington,trump
TX,Mills,trump
TX,Johnson,trump
TX,Wharton,trump
TX,Swisher,trump
TX,Cass,trump
TX,Jim Hogg,clinton
TX,Val Verde,clinton
TX,Andrews,trump
TX,Fisher,trump
TX,Starr,clinton
TX,Hall,trump
TX,Panola,trump
TX,Oldham,trump
TX,Matagorda,trump
TX,Terry,trump
TX,Comal,trump
TX,Lee,trump
TX,Duval,clinton
TX,Lavaca,trump
TX,Harrison,trump
TX,Frio,clinton
TX,Jim Wells,clinton
TX,Howard,trump
TX,Young,trump
TX,Titus,trump
TX,Edwards,trump
TX,Leon,trump
TX,Lampasas,trump
TX,Throckmorton,trump
TX,Hale,trump
TX,Milam,trump
TX,Colorado,trump
UT,Daggett,trump
UT,Rich,trump
UT,Beaver,trump
UT,San Juan,trump
UT,Kane,trump
UT,Morgan,trump
UT,Millard,trump
UT,Grand,trump
UT,Carbon,trump
UT,Duchesne,trump
UT,Wasatch,trump
UT,Summit,clinton
UT,Wayne,trump
UT,Utah,trump
UT,Uintah,trump
UT,Salt Lake,clinton
UT,Weber,trump
UT,Emery,trump
UT,Davis,trump
UT,Cache,trump
UT,Sevier,trump
UT,Washington,trump
UT,Garfield,trump
UT,Juab,trump
UT,Box Elder,trump
UT,Tooele,trump
UT,Iron,trump
UT,Sanpete,trump
UT,Piute,trump
VT,Essex,trump
VT,Grand Isle,clinton
VT,Orleans,clinton
VT,Washington,clinton
VT,Windsor,clinton
VT,Orange,clinton
VT,Franklin,clinton
VT,Windham,clinton
VT,Chittenden,clinton
VT,Rutland,clinton
VT,Addison,clinton
VT,Bennington,clinton
VT,Caledonia,clinton
VT,Lamoille,clinton
VA,Nortoncity,trump
VA,Bath,trump
VA,Craig,trump
VA,Greensville,clinton
VA,Essex,trump
VA,Cumberland,trump
VA,Manassas Parkcity,clinton
VA,Lunenburg,trump
VA,Northampton,clinton
VA,Charlotte,trump
VA,Martinsvillecity,clinton
VA,Nelson,trump
VA,Northumberland,trump
VA,Madison,trump
VA,Prince Edward,clinton
VA,Amelia,trump
VA,Waynesborocity,trump
VA,Alleghany,trump
VA,Southampton,trump
VA,Lancaster,trump
VA,Poquosoncity,trump
VA,Charles City,clinton
VA,Hopewellcity,clinton
VA,Floyd,trump
VA,Grayson,trump
VA,Lexingtoncity,clinton
VA,Colonial Heightscity,trump
VA,Clarke,trump
VA,Falls Churchcity,clinton
VA,Giles,trump
VA,Greene,trump
VA,King William,trump
VA,Middlesex,trump
VA,Franklin,trump
VA,York,trump
VA,Mecklenburg,trump
VA,Campbell,trump
VA,Prince William,clinton
VA,Montgomery,clinton
VA,James City,trump
VA,Fauquier,trump
VA,Manassascity,clinton
VA,Rappahannock,trump
VA,Fairfax,clinton
VA,Appomattox,trump
VA,Pittsylvania,trump
VA,Botetourt,trump
VA,Page,trump
VA,Patrick,trump
VA,Highland,trump
VA,Roanoke,trump
VA,Portsmouthcity,clinton
VA,Rockbridge,trump
VA,Bristolcity,trump
VA,Louisa,trump
VA,Surry,clinton
VA,Henrico,clinton
VA,Sussex,clinton
VA,Albemarle,clinton
VA,Washington,trump
VA,Arlington,clinton
VA,Norfolkcity,clinton
VA,Lynchburgcity,trump
VA,Buena Vistacity,trump
VA,Bedford,trump
VA,Shenandoah,trump
VA,Dinwiddie,trump
VA,Hanover,trump
VA,Suffolkcity,clinton
VA,Salemcity,trump
VA,Alexandriacity,clinton
VA,Carroll,trump
VA,Chesapeakecity,trump
VA,Goochland,trump
VA,Richmondcity,clinton
VA,Scott,trump
VA,Stafford,trump
VA,Newport Newscity,clinton
VA,Chesterfield,trump
VA,Rockingham,trump
VA,Williamsburgcity,clinton
VA,Frederick,trump
VA,Loudoun,clinton
VA,Franklincity,clinton
VA,Russell,trump
VA,Winchestercity,clinton
VA,Halifax,trump
VA,Bland,trump
VA,Galaxcity,trump
VA,Dickenson,trump
VA,Roanokecity,clinton
VA,Emporiacity,clinton
VA,Culpeper,trump
VA,Gloucester,trump
VA,Henry,trump
VA,Tazewell,trump
VA,Danvillecity,clinton
VA,Charlottesvillecity,clinton
VA,Virginia Beachcity,trump
VA,Accomack,trump
VA,Isleof Wight,trump
VA,Wise,trump
VA,Petersburgcity,clinton
VA,Powhatan,trump
VA,Warren,trump
VA,Buchanan,trump
VA,Caroline,trump
VA,Brunswick,clinton
VA,Westmoreland,trump
VA,Smyth,trump
VA,Orange,trump
VA,Augusta,trump
VA,Pulaski,trump
VA,Harrisonburgcity,clinton
VA,Wythe,trump
VA,Mathews,trump
VA,Amherst,trump
VA,Covingtoncity,trump
VA,Nottoway,trump
VA,Radfordcity,clinton
VA,Buckingham,trump
VA,Kingand Queen,trump
VA,Prince George,trump
VA,Hamptoncity,clinton
VA,New Kent,trump
VA,Stauntoncity,clinton
VA,Lee,trump
VA,Richmond,trump
VA,Fairfaxcity,clinton
VA,King George,trump
VA,Fluvanna,trump
VA,Spotsylvania,trump
VA,Fredericksburgcity,clinton
WA,Wahkiakum,trump
WA,Columbia,trump
WA,Garfield,trump
WA,Skamania,trump
WA,Pend Oreille,trump
WA,Klickitat,trump
WA,Chelan,trump
WA,Adams,trump
WA,Pierce,clinton
WA,Asotin,trump
WA,Clark,clinton
WA,Okanogan,trump
WA,Island,clinton
WA,Franklin,trump
WA,Jefferson,clinton
WA,Spokane,trump
WA,Stevens,trump
WA,Douglas,trump
WA,King,clinton
WA,Snohomish,clinton
WA,Walla Walla,trump
WA,Skagit,clinton
WA,Grant,trump
WA,Thurston,clinton
WA,Whatcom,clinton
WA,Lewis,trump
WA,Kitsap,clinton
WA,Yakima,trump
WA,San Juan,clinton
WA,Mason,trump
WA,Benton,trump
WA,Cowlitz,trump
WA,Grays Harbor,trump
WA,Ferry,trump
WA,Kittitas,trump
WA,Pacific,trump
WA,Clallam,trump
WA,Lincoln,trump
WA,Whitman,clinton
WV,Gilmer,trump
WV,Calhoun,trump
WV,Pleasants,trump
WV,Doddridge,trump
WV,Pendleton,trump
WV,Pocahontas,trump
WV,Tucker,trump
WV,Tyler,trump
WV,Webster,trump
WV,Ritchie,trump
WV,Summers,trump
WV,Wirt,trump
WV,Hardy,trump
WV,Wetzel,trump
WV,Barbour,trump
WV,Mc Dowell,trump
WV,Taylor,trump
WV,Lewis,trump
WV,Lincoln,trump
WV,Morgan,trump
WV,Cabell,trump
WV,Harrison,trump
WV,Putnam,trump
WV,Berkeley,trump
WV,Wood,trump
WV,Monongalia,trump
WV,Brooke,trump
WV,Grant,trump
WV,Monroe,trump
WV,Wyoming,trump
WV,Wayne,trump
WV,Upshur,trump
WV,Ohio,trump
WV,Kanawha,trump
WV,Mercer,trump
WV,Raleigh,trump
WV,Clay,trump
WV,Marion,trump
WV,Fayette,trump
WV,Roane,trump
WV,Logan,trump
WV,Jackson,trump
WV,Marshall,trump
WV,Greenbrier,trump
WV,Mason,trump
WV,Preston,trump
WV,Jefferson,trump
WV,Mineral,trump
WV,Mingo,trump
WV,Randolph,trump
WV,Nicholas,trump
WV,Hampshire,trump
WV,Braxton,trump
WV,Boone,trump
WV,Hancock,trump
WI,Menominee,clinton
WI,Iron,trump
WI,Lafayette,trump
WI,Richland,trump
WI,Price,trump
WI,Rusk,trump
WI,Marquette,trump
WI,Washburn,trump
WI,Ashland,clinton
WI,Adams,trump
WI,Jefferson,trump
WI,Chippewa,trump
WI,St.Croix,trump
WI,Dodge,trump
WI,Ozaukee,trump
WI,Fonddu Lac,trump
WI,Sheboygan,trump
WI,Waupaca,trump
WI,Rock,clinton
WI,Pepin,trump
WI,Milwaukee,clinton
WI,Marathon,trump
WI,Polk,trump
WI,Calumet,trump
WI,Portage,clinton
WI,Waukesha,trump
WI,Dane,clinton
WI,Douglas,clinton
WI,Bayfield,clinton
WI,Sauk,trump
WI,Forest,trump
WI,Racine,trump
WI,La Crosse,clinton
WI,Eau Claire,clinton
WI,Winnebago,trump
WI,Buffalo,trump
WI,Marinette,trump
WI,Brown,trump
WI,Clark,trump
WI,Vilas,trump
WI,Outagamie,trump
WI,Kenosha,trump
WI,Florence,trump
WI,Manitowoc,trump
WI,Juneau,trump
WI,Monroe,trump
WI,Columbia,trump
WI,Washington,trump
WI,Barron,trump
WI,Oconto,trump
WI,Shawano,trump
WI,Crawford,trump
WI,Grant,trump
WI,Burnett,trump
WI,Trempealeau,trump
WI,Oneida,trump
WI,Dunn,trump
WI,Pierce,trump
WI,Jackson,trump
WI,Green Lake,trump
WI,Door,trump
WI,Green,clinton
WI,Walworth,trump
WI,Langlade,trump
WI,Lincoln,trump
WI,Wood,trump
WI,Waushara,trump
WI,Sawyer,trump
WI,Vernon,trump
WI,Iowa,clinton
WI,Kewaunee,trump
WI,Taylor,trump
WY,Niobrara,trump
WY,Weston,trump
WY,Platte,trump
WY,Johnson,trump
WY,Big Horn,trump
WY,Goshen,trump
WY,Converse,trump
WY,Uinta,trump
WY,Natrona,trump
WY,Laramie,trump
WY,Crook,trump
WY,Campbell,trump
WY,Washakie,trump
WY,Fremont,trump
WY,Hot Springs,trump
WY,Lincoln,trump
WY,Sweetwater,trump
WY,Carbon,trump
WY,Sublette,trump
WY,Park,trump
WY,Sheridan,trump
WY,Albany,trump
WY,Teton,clinton
